email,password_hash,name,photo_url,gender,age,pref_age_from,pref_age_to,pref_gender
tony@gmail.com,$2b$12$hEwKYrj6ek308PvYIZkdQu3IKJyOssi/omikaJeu4.0Mcoh6qQgzC,Tony,https://images.unsplash.com/photo-1440133197387-5a6020d5ace2?ixlib=rb-1.2.1&ixid=MnwxMjA3fDB8MHxzZWFyY2h8Njh8fHJhbmRvbSUyMHBlb3BsZXxlbnwwfHwwfHw%3D&auto=format&fit=crop&w=500&q=60,m,36,25,35,f
claire@gmail.com,$2b$12$JZS9z51uaWy49sYYDwHaQ.qBA/vPUSQsEkNQh6sNAXCF/w2QWPBf.,Claire,https://images.unsplash.com/photo-1485893086445-ed75865251e0?ixlib=rb-1.2.1&ixid=MnwxMjA3fDB8MHxzZWFyY2h8NTV8fHJhbmRvbSUyMHBlb3BsZXxlbnwwfHwwfHw%3D&auto=format&fit=crop&w=500&q=60,f,27,20,43,m
hisu@gmail.com,$2b$12$yCbybVjigylKoOUVEUZ5zuWSkMJIXIKb6bfmf9yximIbu2iUyhVAa,Hisu,https://images.unsplash.com/photo-1439778615639-28529f7628bc?ixlib=rb-1.2.1&ixid=MnwxMjA3fDB8MHxzZWFyY2h8Mzd8fHJhbmRvbSUyMHBlb3BsZXxlbnwwfHwwfHw%3D&auto=format&fit=crop&w=500&q=60,f,24,24,35,o
james@gmail.com,$2b$12$vaLyBmBTIzd5uRx703xf7u3M0zUJeamr5zA11je4jx..0CeGRZNzO,James,https://images.unsplash.com/photo-1539571696357-5a69c17a67c6?ixlib=rb-1.2.1&ixid=MnwxMjA3fDB8MHxzZWFyY2h8NXx8cmFuZG9tJTIwcGVvcGxlfGVufDB8fDB8fA%3D%3D&auto=format&fit=crop&w=500&q=60,m,25,20,29,f
kate@gmail.com,$2b$12$nGuLw1ey5.T0Tj.Z5WoQ.evEBa4a0ertU7G3QZ2QTlxLG1n3EAJn.,Kate,https://images.unsplash.com/photo-1534350131724-2a405f7108cb?ixlib=rb-1.2.1&ixid=MnwxMjA3fDB8MHxzZWFyY2h8NDl8fHJhbmRvbSUyMHBlb3BsZXxlbnwwfHwwfHw%3D&auto=format&fit=crop&w=500&q=60,f,29,25,35,m
holly@gmail.com,$2b$12$UHuqXER3a5gbhvXitfzVHe99PZzK61w99zylVWZR9w.PQMjzDq6qq,Holly,https://images.unsplash.com/photo-1529626455594-4ff0802cfb7e?ixlib=rb-1.2.1&ixid=MnwxMjA3fDB8MHxzZWFyY2h8MTZ8fHJhbmRvbSUyMHBlb3BsZXxlbnwwfHwwfHw%3D&auto=format&fit=crop&w=500&q=60,f,29,29,43,m
jenny@gmail.com,$2b$12$o.Lr2cCZokZ3LyGJB9fAj.PsTtarBZmZAZlvzfvt3hD.vA5U4M5sy,Jenny,https://images.unsplash.com/photo-1481824429379-07aa5e5b0739?ixlib=rb-1.2.1&ixid=MnwxMjA3fDB8MHxzZWFyY2h8MTV8fHJhbmRvbSUyMHBlb3BsZXxlbnwwfHwwfHw%3D&auto=format&fit=crop&w=500&q=60,f,25,25,43,m
jenya.levin@gmail.com,$2b$12$EdPRqIVzwzJrkXW8nC9RXO0seuSJGOOnG.0W/9awFltCIUA1uwWOO,Eugene,https://images.unsplash.com/photo-1539571696357-5a69c17a67c6?ixlib=rb-1.2.1&ixid=MnwxMjA3fDB8MHxzZWFyY2h8NXx8cmFuZG9tJTIwcGVvcGxlfGVufDB8fDB8fA%3D%3D&auto=format&fit=crop&w=500&q=60,m,42,25,42,f
dave@gmail.com,$2b$12$EdPRqIVzwzJrkXW8nC9RXO0seuSJGOOnG.0W/9awFltCIUA1uwWOO,Dave,https://images.unsplash.com/photo-1521119989659-a83eee488004?ixlib=rb-1.2.1&ixid=MnwxMjA3fDB8MHxzZWFyY2h8NDR8fHJhbmRvbSUyMHBlb3BsZXxlbnwwfHwwfHw%3D&auto=format&fit=crop&w=500&q=60,m,42,35,42,f
tom@gmail.com,$2b$12$TTPzyqB3ZLsdQvPcFLBUwOX0GmK6om4C2/p1T4tA7PTZ7vzeK3ijy,Tom,https://images.unsplash.com/photo-1619194617062-5a61b9c6a049?ixlib=rb-1.2.1&ixid=MnwxMjA3fDB8MHxzZWFyY2h8MzF8fHJhbmRvbSUyMHBlb3BsZXxlbnwwfHwwfHw%3D&auto=format&fit=crop&w=500&q=60,m,32,27,35,f
jason@gmail.com,$2b$12$TTPzyqB3ZLsdQvPcFLBUwOX0GmK6om4C2/p1T4tA7PTZ7vzeK3ijy,Jason,https://images.unsplash.com/photo-1508341591423-4347099e1f19?ixlib=rb-1.2.1&ixid=MnwxMjA3fDB8MHxzZWFyY2h8MTAzfHxyYW5kb20lMjBwZW9wbGV8ZW58MHx8MHx8&auto=format&fit=crop&w=500&q=60,m,30,25,35,f
anna@gmail.com,$2b$12$TTPzyqB3ZLsdQvPcFLBUwOX0GmK6om4C2/p1T4tA7PTZ7vzeK3ijy,Anna,https://images.unsplash.com/photo-1498551172505-8ee7ad69f235?ixlib=rb-1.2.1&ixid=MnwxMjA3fDB8MHxzZWFyY2h8MTA2fHxyYW5kb20lMjBwZW9wbGV8ZW58MHx8MHx8&auto=format&fit=crop&w=500&q=60,f,24,25,43,m
ivan@gmail.com,$2b$12$TTPzyqB3ZLsdQvPcFLBUwOX0GmK6om4C2/p1T4tA7PTZ7vzeK3ijy,Ivan,https://images.unsplash.com/photo-1508341591423-4347099e1f19?ixlib=rb-1.2.1&ixid=MnwxMjA3fDB8MHxzZWFyY2h8MTAzfHxyYW5kb20lMjBwZW9wbGV8ZW58MHx8MHx8&auto=format&fit=crop&w=500&q=60,m,44,25,45,f
rebecca@gmail.com,$2b$12$TTPzyqB3ZLsdQvPcFLBUwOX0GmK6om4C2/p1T4tA7PTZ7vzeK3ijy,Rebecca,https://images.unsplash.com/photo-1469460340997-2f854421e72f?ixlib=rb-1.2.1&ixid=MnwxMjA3fDB8MHxzZWFyY2h8ODd8fHJhbmRvbSUyMHBlb3BsZXxlbnwwfHwwfHw%3D&auto=format&fit=crop&w=500&q=60,f,40,35,45,m
matt@gmail.com,$2b$12$TTPzyqB3ZLsdQvPcFLBUwOX0GmK6om4C2/p1T4tA7PTZ7vzeK3ijy,Matthew,https://images.unsplash.com/photo-1492447216082-4726bf04d1d1?ixlib=rb-1.2.1&ixid=MnwxMjA3fDB8MHxzZWFyY2h8MTIxfHxyYW5kb20lMjBwZW9wbGV8ZW58MHx8MHx8&auto=format&fit=crop&w=500&q=60,m,34,25,45,f
alicia@gmail.com,$2b$12$TTPzyqB3ZLsdQvPcFLBUwOX0GmK6om4C2/p1T4tA7PTZ7vzeK3ijy,Alicia,https://images.unsplash.com/photo-1500917293891-ef795e70e1f6?ixlib=rb-1.2.1&ixid=MnwxMjA3fDB8MHxzZWFyY2h8MTI0fHxyYW5kb20lMjBwZW9wbGV8ZW58MHx8MHx8&auto=format&fit=crop&w=500&q=60,f,30,35,45,m
